{"cameraMode":{"drawMode":0,"name":"Shaded","section":"Shading Mode"},"sceneLighting":false,"audioPlay":false,"sceneViewState":{"m_AlwaysRefresh":false,"showFog":true,"showSkybox":false,"showFlares":true,"showImageEffects":true,"showParticleSystems":true,"showVisualEffectGraphs":true,"m_FxEnabled":false},"in2DMode":false,"pivot":{"x":-0.33757007122039797,"y":2.838715076446533,"z":18.507898330688478},"rotation":{"x":0.013086999766528607,"y":0.9866395592689514,"z":-0.12538467347621919,"w":0.10991711914539337},"size":1.0980147123336793,"orthographic":true}