{"cameraMode":{"drawMode":0,"name":"Shaded","section":"Shading Mode"},"sceneLighting":false,"audioPlay":false,"sceneViewState":{"m_AlwaysRefresh":false,"showFog":true,"showSkybox":false,"showFlares":true,"showImageEffects":true,"showParticleSystems":true,"showVisualEffectGraphs":true,"m_FxEnabled":false},"in2DMode":false,"pivot":{"x":1.8445520401000977,"y":-0.32906579971313479,"z":0.3277604579925537},"rotation":{"x":-0.12630216777324677,"y":-0.6241400837898254,"z":0.10316534340381623,"w":-0.7641236782073975},"size":2.3292317390441896,"orthographic":false}