{"cameraMode":{"drawMode":0,"name":"Shaded","section":"Shading Mode"},"sceneLighting":false,"audioPlay":false,"sceneViewState":{"m_AlwaysRefresh":false,"showFog":true,"showSkybox":false,"showFlares":true,"showImageEffects":true,"showParticleSystems":true,"showVisualEffectGraphs":true,"m_FxEnabled":false},"in2DMode":false,"pivot":{"x":-0.000006094574928283691,"y":0.149949312210083,"z":-2.5331974029541018e-7},"rotation":{"x":-0.1897505521774292,"y":-0.2586132884025574,"z":0.05189969763159752,"w":-0.945801317691803},"size":0.7228311896324158,"orthographic":false}