{"cameraMode":{"drawMode":0,"name":"Shaded","section":"Shading Mode"},"sceneLighting":false,"audioPlay":false,"sceneViewState":{"m_AlwaysRefresh":false,"showFog":true,"showSkybox":false,"showFlares":true,"showImageEffects":true,"showParticleSystems":true,"showVisualEffectGraphs":true,"m_FxEnabled":false},"in2DMode":false,"pivot":{"x":18.299999237060548,"y":10.670001029968262,"z":25.799999237060548},"rotation":{"x":-0.10694503784179688,"y":-0.7346474528312683,"z":0.11916692554950714,"w":-0.6592934727668762},"size":14.035161972045899,"orthographic":false}