{"cameraMode":{"drawMode":0,"name":"Shaded","section":"Shading Mode"},"sceneLighting":false,"audioPlay":false,"sceneViewState":{"m_AlwaysRefresh":false,"showFog":true,"showSkybox":false,"showFlares":true,"showImageEffects":true,"showParticleSystems":true,"showVisualEffectGraphs":true,"m_FxEnabled":true},"in2DMode":false,"pivot":{"x":0.49920427799224856,"y":2.654984474182129,"z":17.219818115234376},"rotation":{"x":0.20161022245883943,"y":0.6504226326942444,"z":-0.1853087693452835,"w":0.7088381052017212},"size":0.8660256266593933,"orthographic":true}